date,1. open,2. high,3. low,4. close,5. volume
2024-01-05 16:00:00,1.0945,1.0947,1.0935,1.0939,0.0
2024-01-05 15:00:00,1.0954,1.096,1.0943,1.0945,0.0
2024-01-05 14:00:00,1.0946,1.0956,1.0935,1.0954,0.0
2024-01-05 13:00:00,1.0956,1.0956,1.0943,1.0946,0.0
2024-01-05 12:00:00,1.0978,1.0981,1.0953,1.0956,0.0
2024-01-05 11:00:00,1.0949,1.0998,1.0949,1.0978,0.0
2024-01-05 10:00:00,1.0921,1.0955,1.0921,1.0949,0.0
2024-01-05 09:00:00,1.0918,1.0928,1.0877,1.0921,0.0
2024-01-05 08:00:00,1.0914,1.0921,1.0913,1.0917,0.0
2024-01-05 07:00:00,1.0913,1.0917,1.091,1.0914,0.0
2024-01-05 06:00:00,1.0912,1.0914,1.0903,1.0913,0.0
2024-01-05 05:00:00,1.0907,1.0931,1.0902,1.0912,0.0
2024-01-05 04:00:00,1.0923,1.0926,1.0903,1.0907,0.0
2024-01-05 03:00:00,1.0928,1.0933,1.0922,1.0923,0.0
2024-01-05 02:00:00,1.0937,1.0937,1.0924,1.0928,0.0
2024-01-05 01:00:00,1.0937,1.0938,1.0934,1.0937,0.0
2024-01-05 00:00:00,1.0939,1.0941,1.0936,1.0937,0.0
2024-01-04 23:00:00,1.0947,1.0947,1.0939,1.0939,0.0
2024-01-04 22:00:00,1.0951,1.0954,1.0946,1.0947,0.0
2024-01-04 21:00:00,1.0951,1.0956,1.095,1.0952,0.0
2024-01-04 20:00:00,1.0946,1.0951,1.0944,1.0951,0.0
2024-01-04 19:00:00,1.0947,1.0949,1.0943,1.0946,0.0
2024-01-04 18:00:00,1.0944,1.095,1.094,1.0946,0.0
2024-01-04 17:00:00,1.0949,1.095,1.0943,1.0945,0.0
2024-01-04 16:00:00,1.0947,1.0949,1.0943,1.0949,0.0
2024-01-04 15:00:00,1.0947,1.095,1.0943,1.0947,0.0
2024-01-04 14:00:00,1.095,1.0954,1.0946,1.0947,0.0
2024-01-04 13:00:00,1.0956,1.096,1.0942,1.095,0.0
2024-01-04 12:00:00,1.0955,1.0964,1.0954,1.0956,0.0
2024-01-04 11:00:00,1.0945,1.0965,1.0945,1.0955,0.0
2024-01-04 10:00:00,1.0947,1.0951,1.0938,1.0945,0.0
2024-01-04 09:00:00,1.0952,1.0955,1.0932,1.0947,0.0
2024-01-04 08:00:00,1.0948,1.0956,1.0946,1.0952,0.0
2024-01-04 07:00:00,1.0956,1.0958,1.0946,1.0948,0.0
2024-01-04 06:00:00,1.0967,1.0972,1.0954,1.0956,0.0
2024-01-04 05:00:00,1.0953,1.0969,1.0945,1.0968,0.0
2024-01-04 04:00:00,1.0938,1.0956,1.0934,1.0953,0.0
2024-01-04 03:00:00,1.0932,1.0944,1.0929,1.0937,0.0
2024-01-04 02:00:00,1.0926,1.0935,1.0921,1.0932,0.0
2024-01-04 01:00:00,1.0926,1.0927,1.0922,1.0926,0.0
2024-01-04 00:00:00,1.0926,1.0929,1.0924,1.0926,0.0
2024-01-03 23:00:00,1.0919,1.0931,1.0919,1.0926,0.0
2024-01-03 22:00:00,1.0917,1.092,1.0916,1.0919,0.0
2024-01-03 21:00:00,1.0922,1.0924,1.0916,1.0918,0.0
2024-01-03 20:00:00,1.0926,1.0927,1.0919,1.0922,0.0
2024-01-03 19:00:00,1.092,1.0928,1.0919,1.0925,0.0
2024-01-03 18:00:00,1.0921,1.0922,1.0914,1.0921,0.0
2024-01-03 17:00:00,1.0921,1.0924,1.0918,1.0921,0.0
2024-01-03 16:00:00,1.0918,1.0923,1.0915,1.0921,0.0
2024-01-03 15:00:00,1.0905,1.0926,1.0893,1.0917,0.0
2024-01-03 14:00:00,1.0906,1.0915,1.0902,1.0905,0.0
2024-01-03 13:00:00,1.0908,1.091,1.0903,1.0906,0.0
2024-01-03 12:00:00,1.0904,1.0918,1.0902,1.0908,0.0
2024-01-03 11:00:00,1.0918,1.0939,1.0898,1.0904,0.0
2024-01-03 10:00:00,1.0922,1.0926,1.091,1.0918,0.0
2024-01-03 09:00:00,1.0917,1.093,1.091,1.0922,0.0
2024-01-03 08:00:00,1.0919,1.0932,1.0914,1.0917,0.0
2024-01-03 07:00:00,1.0928,1.093,1.0915,1.0919,0.0
2024-01-03 06:00:00,1.0936,1.0939,1.0926,1.0928,0.0
2024-01-03 05:00:00,1.0952,1.0956,1.0935,1.0936,0.0
2024-01-03 04:00:00,1.096,1.0965,1.095,1.0953,0.0
2024-01-03 03:00:00,1.0959,1.0963,1.0951,1.096,0.0
2024-01-03 02:00:00,1.0951,1.0961,1.0951,1.0958,0.0
2024-01-03 01:00:00,1.0962,1.0963,1.0951,1.0951,0.0
2024-01-03 00:00:00,1.0961,1.0962,1.0958,1.0962,0.0
2024-01-02 23:00:00,1.0952,1.0962,1.0949,1.0961,0.0
2024-01-02 22:00:00,1.0951,1.0953,1.0948,1.0952,0.0
2024-01-02 21:00:00,1.0949,1.0955,1.0945,1.0951,0.0
2024-01-02 20:00:00,1.0941,1.0951,1.0941,1.0949,0.0
2024-01-02 19:00:00,1.094,1.0944,1.0939,1.0941,0.0
2024-01-02 18:00:00,1.0941,1.0947,1.0938,1.094,0.0
2024-01-02 17:00:00,1.0943,1.0943,1.0938,1.0942,0.0
2024-01-02 16:00:00,1.0946,1.0951,1.0942,1.0943,0.0
2024-01-02 15:00:00,1.0947,1.095,1.0943,1.0946,0.0
2024-01-02 14:00:00,1.095,1.0956,1.0946,1.0947,0.0
2024-01-02 13:00:00,1.0956,1.0958,1.0946,1.095,0.0
2024-01-02 12:00:00,1.0944,1.0962,1.0941,1.0956,0.0
2024-01-02 11:00:00,1.0963,1.0968,1.0941,1.0943,0.0
2024-01-02 10:00:00,1.0953,1.0964,1.0945,1.0963,0.0
2024-01-02 09:00:00,1.0954,1.0965,1.0949,1.0953,0.0
2024-01-02 08:00:00,1.0969,1.0972,1.0953,1.0954,0.0
2024-01-02 07:00:00,1.1007,1.1008,1.0966,1.0969,0.0
2024-01-02 06:00:00,1.1015,1.1017,1.0997,1.1007,0.0
2024-01-02 05:00:00,1.103,1.1038,1.101,1.1015,0.0
2024-01-02 04:00:00,1.1015,1.1039,1.1015,1.103,0.0
2024-01-02 03:00:00,1.1029,1.1038,1.1015,1.1016,0.0
2024-01-02 02:00:00,1.1033,1.1035,1.1027,1.1029,0.0
2024-01-02 01:00:00,1.1021,1.1034,1.1021,1.1033,0.0
2024-01-02 00:00:00,1.1025,1.1025,1.1016,1.1021,0.0
2024-01-01 23:00:00,1.1019,1.1025,1.1017,1.1024,0.0
2024-01-01 22:00:00,1.1035,1.1036,1.1018,1.1018,0.0
2024-01-01 21:00:00,1.1038,1.1043,1.1034,1.1035,0.0
2024-01-01 20:00:00,1.1036,1.1038,1.1034,1.1038,0.0
2024-01-01 19:00:00,1.1043,1.1045,1.1035,1.1036,0.0
2024-01-01 18:00:00,1.1044,1.1045,1.1041,1.1044,0.0
2024-01-01 17:00:00,1.1044,1.1046,1.1043,1.1044,0.0
2024-01-01 16:00:00,1.1041,1.1045,1.104,1.1045,0.0
2024-01-01 15:00:00,1.1036,1.1042,1.1034,1.1041,0.0
2024-01-01 14:00:00,1.104,1.104,1.1034,1.1036,0.0
2024-01-01 13:00:00,1.1035,1.1035,1.1035,1.1035,0.0
2024-01-01 12:00:00,1.1035,1.1035,1.1035,1.1035,0.0
2024-01-01 11:00:00,1.1035,1.1035,1.1035,1.1035,0.0
2024-01-01 10:00:00,1.1035,1.1035,1.1035,1.1035,0.0
2024-01-01 09:00:00,1.1035,1.1035,1.1035,1.1035,0.0
2024-01-01 08:00:00,1.1035,1.1035,1.1035,1.1035,0.0
2024-01-01 07:00:00,1.1035,1.1035,1.1035,1.1035,0.0
2024-01-01 06:00:00,1.1035,1.1035,1.1035,1.1035,0.0
2024-01-01 05:00:00,1.1035,1.1035,1.1035,1.1035,0.0
2024-01-01 04:00:00,1.1035,1.1035,1.1035,1.1035,0.0
2024-01-01 03:00:00,1.1035,1.1035,1.1035,1.1035,0.0
2024-01-01 02:00:00,1.1035,1.1035,1.1035,1.1035,0.0
2024-01-01 01:00:00,1.1035,1.1035,1.1035,1.1035,0.0
2024-01-01 00:00:00,1.1035,1.1035,1.1035,1.1035,0.0
2023-12-31 23:00:00,1.1035,1.1035,1.1035,1.1035,0.0
2023-12-31 22:00:00,1.1035,1.1035,1.1035,1.1035,0.0
2023-12-31 21:00:00,1.1035,1.1035,1.1035,1.1035,0.0
2023-12-31 20:00:00,1.1035,1.1035,1.1035,1.1035,0.0
2023-12-31 19:00:00,1.1035,1.1035,1.1035,1.1035,0.0
2023-12-31 18:00:00,1.1035,1.1035,1.1035,1.1035,0.0
2023-12-29 16:00:00,1.1041,1.1051,1.1038,1.1041,0.0
2023-12-29 15:00:00,1.1053,1.1054,1.1038,1.1041,0.0
2023-12-29 14:00:00,1.1064,1.1064,1.1049,1.1053,0.0
2023-12-29 13:00:00,1.1061,1.1067,1.1053,1.1064,0.0
2023-12-29 12:00:00,1.1047,1.1061,1.1043,1.106,0.0
2023-12-29 11:00:00,1.1068,1.1079,1.1042,1.1047,0.0
2023-12-29 10:00:00,1.1048,1.107,1.1047,1.1069,0.0
2023-12-29 09:00:00,1.1051,1.1059,1.1046,1.1049,0.0
2023-12-29 08:00:00,1.1076,1.1081,1.1048,1.1052,0.0
2023-12-29 07:00:00,1.1065,1.1077,1.1061,1.1076,0.0
2023-12-29 06:00:00,1.1049,1.1067,1.1047,1.1065,0.0
2023-12-29 05:00:00,1.106,1.1061,1.1044,1.1049,0.0
2023-12-29 04:00:00,1.1065,1.1077,1.1058,1.106,0.0
2023-12-29 03:00:00,1.1073,1.1076,1.1064,1.1066,0.0
2023-12-29 02:00:00,1.1066,1.1075,1.1066,1.1074,0.0
2023-12-29 01:00:00,1.1066,1.1067,1.1061,1.1066,0.0
2023-12-29 00:00:00,1.1065,1.1069,1.1063,1.1067,0.0
2023-12-28 23:00:00,1.1071,1.1073,1.1064,1.1065,0.0
2023-12-28 22:00:00,1.1079,1.1079,1.1071,1.1071,0.0
2023-12-28 21:00:00,1.1076,1.1084,1.1075,1.1079,0.0
2023-12-28 20:00:00,1.1068,1.1079,1.1066,1.1076,0.0
2023-12-28 19:00:00,1.1062,1.1068,1.106,1.1068,0.0
2023-12-28 18:00:00,1.1059,1.1065,1.1059,1.1061,0.0
2023-12-28 17:00:00,1.1065,1.1066,1.1059,1.1059,0.0
2023-12-28 16:00:00,1.1064,1.1071,1.1063,1.1065,0.0
2023-12-28 15:00:00,1.1064,1.1066,1.1058,1.1064,0.0
2023-12-28 14:00:00,1.1074,1.1074,1.1055,1.1064,0.0
2023-12-28 13:00:00,1.1071,1.1077,1.1066,1.1074,0.0
2023-12-28 12:00:00,1.1107,1.1107,1.1069,1.1072,0.0
2023-12-28 11:00:00,1.1103,1.1113,1.11,1.1107,0.0
2023-12-28 10:00:00,1.1073,1.1105,1.1072,1.1103,0.0
2023-12-28 09:00:00,1.1112,1.112,1.1072,1.1073,0.0
2023-12-28 08:00:00,1.112,1.112,1.1111,1.1113,0.0
2023-12-28 07:00:00,1.1128,1.1132,1.1114,1.112,0.0
2023-12-28 06:00:00,1.1129,1.1132,1.1122,1.1128,0.0
2023-12-28 05:00:00,1.1121,1.1139,1.1114,1.1129,0.0
2023-12-28 04:00:00,1.1117,1.1122,1.1104,1.1121,0.0
2023-12-28 03:00:00,1.1113,1.1125,1.1113,1.1117,0.0
2023-12-28 02:00:00,1.1109,1.1115,1.1104,1.1113,0.0
2023-12-28 01:00:00,1.111,1.1118,1.1108,1.1109,0.0
2023-12-28 00:00:00,1.1118,1.1119,1.111,1.111,0.0
2023-12-27 23:00:00,1.1118,1.1121,1.1114,1.1119,0.0
2023-12-27 22:00:00,1.1122,1.1123,1.1109,1.1118,0.0
2023-12-27 21:00:00,1.1115,1.1122,1.1113,1.1122,0.0
2023-12-27 20:00:00,1.1108,1.1117,1.1108,1.1115,0.0
2023-12-27 19:00:00,1.1104,1.111,1.1103,1.1108,0.0
2023-12-27 18:00:00,1.1104,1.1106,1.1098,1.1103,0.0
2023-12-27 17:00:00,1.1106,1.1108,1.1102,1.1104,0.0
2023-12-27 16:00:00,1.1102,1.1108,1.1101,1.1106,0.0
2023-12-27 15:00:00,1.1108,1.1114,1.1099,1.1101,0.0
2023-12-27 14:00:00,1.1105,1.1109,1.1101,1.1107,0.0
2023-12-27 13:00:00,1.1113,1.1113,1.1103,1.1105,0.0
2023-12-27 12:00:00,1.1107,1.1123,1.1102,1.1113,0.0
2023-12-27 11:00:00,1.1104,1.1116,1.1099,1.1107,0.0
2023-12-27 10:00:00,1.107,1.1105,1.1068,1.1105,0.0
2023-12-27 09:00:00,1.1068,1.1074,1.1062,1.107,0.0
2023-12-27 08:00:00,1.1059,1.107,1.1048,1.1068,0.0
2023-12-27 07:00:00,1.1056,1.1059,1.105,1.1059,0.0
2023-12-27 06:00:00,1.1054,1.1059,1.1052,1.1056,0.0
2023-12-27 05:00:00,1.1047,1.1055,1.1046,1.1054,0.0
2023-12-27 04:00:00,1.1041,1.1054,1.1038,1.1047,0.0
2023-12-27 03:00:00,1.1044,1.1049,1.1036,1.1041,0.0
2023-12-27 02:00:00,1.1043,1.1045,1.104,1.1045,0.0
2023-12-27 01:00:00,1.1041,1.1044,1.1037,1.1043,0.0
2023-12-27 00:00:00,1.1036,1.1042,1.1036,1.1042,0.0
2023-12-26 23:00:00,1.1031,1.1037,1.1028,1.1036,0.0
2023-12-26 22:00:00,1.1036,1.1037,1.1029,1.1031,0.0
2023-12-26 21:00:00,1.1036,1.1038,1.1032,1.1036,0.0
2023-12-26 20:00:00,1.1042,1.1042,1.1035,1.1037,0.0
2023-12-26 19:00:00,1.1041,1.1044,1.104,1.1042,0.0
2023-12-26 18:00:00,1.1042,1.1042,1.1038,1.104,0.0
2023-12-26 17:00:00,1.1042,1.1043,1.104,1.1042,0.0
2023-12-26 16:00:00,1.1044,1.1045,1.104,1.1042,0.0
2023-12-26 15:00:00,1.1036,1.1045,1.1036,1.1044,0.0
2023-12-26 14:00:00,1.1035,1.104,1.1034,1.1036,0.0
2023-12-26 13:00:00,1.1034,1.1037,1.103,1.1035,0.0
2023-12-26 12:00:00,1.1024,1.1038,1.1024,1.1034,0.0
2023-12-26 11:00:00,1.1026,1.1033,1.1023,1.1025,0.0
2023-12-26 10:00:00,1.1018,1.1027,1.1014,1.1026,0.0
2023-12-26 09:00:00,1.1013,1.1024,1.1012,1.1018,0.0
2023-12-26 08:00:00,1.1014,1.1017,1.1008,1.1013,0.0
2023-12-26 07:00:00,1.1016,1.1017,1.1011,1.1014,0.0
2023-12-26 06:00:00,1.1014,1.1019,1.1014,1.1016,0.0
2023-12-26 05:00:00,1.1015,1.1015,1.1009,1.1014,0.0
2023-12-26 04:00:00,1.1022,1.1026,1.1014,1.1015,0.0
2023-12-26 03:00:00,1.1023,1.1025,1.1021,1.1022,0.0
2023-12-26 02:00:00,1.1026,1.1027,1.1022,1.1023,0.0
2023-12-26 01:00:00,1.1022,1.1027,1.1021,1.1026,0.0
2023-12-26 00:00:00,1.1027,1.1028,1.1022,1.1022,0.0
2023-12-25 23:00:00,1.1025,1.1029,1.1025,1.1028,0.0
2023-12-25 22:00:00,1.1022,1.1027,1.1019,1.1026,0.0
2023-12-25 21:00:00,1.1019,1.1023,1.1017,1.1022,0.0
2023-12-25 20:00:00,1.1018,1.102,1.1015,1.1019,0.0
2023-12-25 19:00:00,1.1012,1.1023,1.1012,1.1018,0.0
2023-12-25 18:00:00,1.1011,1.102,1.1007,1.1013,0.0
2023-12-25 17:00:00,1.1007,1.1012,1.1006,1.1008,0.0
2023-12-25 16:00:00,1.1009,1.1009,1.1007,1.1007,0.0
2023-12-25 15:00:00,1.1012,1.1012,1.1006,1.1009,0.0
2023-12-25 14:00:00,1.1012,1.1014,1.101,1.1012,0.0
2023-12-25 13:00:00,1.1009,1.1009,1.1009,1.1009,0.0
2023-12-25 12:00:00,1.1009,1.1009,1.1009,1.1009,0.0
2023-12-25 11:00:00,1.1009,1.1009,1.1009,1.1009,0.0
2023-12-25 10:00:00,1.1009,1.1009,1.1009,1.1009,0.0
2023-12-25 09:00:00,1.1009,1.1009,1.1009,1.1009,0.0
2023-12-25 08:00:00,1.1009,1.1009,1.1009,1.1009,0.0
2023-12-25 07:00:00,1.1009,1.1009,1.1009,1.1009,0.0
2023-12-25 06:00:00,1.1009,1.1009,1.1009,1.1009,0.0
2023-12-25 05:00:00,1.1009,1.1009,1.1009,1.1009,0.0
2023-12-25 04:00:00,1.1009,1.1009,1.1009,1.1009,0.0
2023-12-25 03:00:00,1.1015,1.102,1.1009,1.1009,0.0
2023-12-25 02:00:00,1.1012,1.1015,1.1012,1.1015,0.0
2023-12-25 01:00:00,1.1007,1.1009,1.1007,1.1007,0.0
2023-12-25 00:00:00,1.1002,1.1003,1.1001,1.1002,0.0
2023-12-24 23:00:00,1.1,1.1011,1.1,1.1011,0.0
2023-12-24 22:00:00,1.1003,1.1006,1.1,1.1,0.0
2023-12-24 21:00:00,1.0999,1.1006,1.0999,1.1002,0.0
2023-12-24 20:00:00,1.1015,1.1017,1.0991,1.1,0.0
2023-12-24 19:00:00,1.1015,1.1018,1.1015,1.1015,0.0
2023-12-24 18:00:00,1.1016,1.1019,1.1015,1.1015,0.0
2023-12-22 16:00:00,1.1015,1.1016,1.1008,1.1013,0.0
2023-12-22 15:00:00,1.1013,1.1016,1.1002,1.1016,0.0
2023-12-22 14:00:00,1.1016,1.1019,1.1011,1.1013,0.0
2023-12-22 13:00:00,1.1007,1.1016,1.1,1.1016,0.0
2023-12-22 12:00:00,1.1011,1.1024,1.1006,1.1007,0.0
2023-12-22 11:00:00,1.1035,1.104,1.1009,1.1011,0.0
2023-12-22 10:00:00,1.1029,1.104,1.1025,1.1035,0.0
2023-12-22 09:00:00,1.1019,1.1029,1.1001,1.1028,0.0
2023-12-22 08:00:00,1.1026,1.1038,1.1016,1.1018,0.0
2023-12-22 07:00:00,1.1019,1.103,1.1017,1.1026,0.0
2023-12-22 06:00:00,1.1004,1.1021,1.1003,1.1019,0.0
2023-12-22 05:00:00,1.1007,1.1014,1.1002,1.1004,0.0
2023-12-22 04:00:00,1.1,1.1012,1.0999,1.1007,0.0
2023-12-22 03:00:00,1.0995,1.1008,1.0994,1.1,0.0
2023-12-22 02:00:00,1.0997,1.1,1.0994,1.0994,0.0
2023-12-22 01:00:00,1.1,1.1001,1.0995,1.0997,0.0
2023-12-22 00:00:00,1.0998,1.1003,1.0998,1.1001,0.0
2023-12-21 23:00:00,1.1,1.1005,1.0995,1.0998,0.0
2023-12-21 22:00:00,1.0998,1.1001,1.0995,1.1,0.0
2023-12-21 21:00:00,1.1005,1.1006,1.0997,1.0998,0.0
2023-12-21 20:00:00,1.1005,1.101,1.1003,1.1005,0.0
2023-12-21 19:00:00,1.1008,1.1013,1.1004,1.1006,0.0
2023-12-21 18:00:00,1.1011,1.1011,1.1001,1.1007,0.0
2023-12-21 17:00:00,1.1003,1.1013,1.1002,1.1011,0.0
2023-12-21 16:00:00,1.0999,1.1003,1.0993,1.1003,0.0
2023-12-21 15:00:00,1.0989,1.1001,1.0988,1.0999,0.0
2023-12-21 14:00:00,1.0986,1.0991,1.0978,1.099,0.0
2023-12-21 13:00:00,1.099,1.0991,1.0978,1.0986,0.0
2023-12-21 12:00:00,1.099,1.0995,1.0979,1.099,0.0
2023-12-21 11:00:00,1.0992,1.0995,1.0975,1.099,0.0
2023-12-21 10:00:00,1.0991,1.1001,1.0982,1.0992,0.0
2023-12-21 09:00:00,1.098,1.1002,1.0972,1.0991,0.0
2023-12-21 08:00:00,1.098,1.0987,1.0977,1.098,0.0
2023-12-21 07:00:00,1.0954,1.0985,1.0954,1.0979,0.0
2023-12-21 06:00:00,1.0944,1.0956,1.094,1.0954,0.0
2023-12-21 05:00:00,1.0939,1.0946,1.0935,1.0944,0.0
2023-12-21 04:00:00,1.0947,1.0955,1.0939,1.0939,0.0
2023-12-21 03:00:00,1.0945,1.095,1.0942,1.0947,0.0
2023-12-21 02:00:00,1.0955,1.0955,1.0943,1.0945,0.0
2023-12-21 01:00:00,1.0949,1.0956,1.0949,1.0955,0.0
2023-12-21 00:00:00,1.0949,1.095,1.0947,1.0949,0.0
2023-12-20 23:00:00,1.0949,1.095,1.0946,1.0949,0.0
2023-12-20 22:00:00,1.0952,1.0954,1.0945,1.0949,0.0
2023-12-20 21:00:00,1.0949,1.0954,1.0948,1.0952,0.0
2023-12-20 20:00:00,1.0943,1.095,1.0941,1.095,0.0
2023-12-20 19:00:00,1.0942,1.0946,1.0942,1.0943,0.0
2023-12-20 18:00:00,1.0941,1.0945,1.0935,1.0942,0.0
2023-12-20 17:00:00,1.0932,1.0944,1.093,1.0941,0.0
2023-12-20 16:00:00,1.0946,1.0949,1.0931,1.0931,0.0
2023-12-20 15:00:00,1.096,1.0961,1.0942,1.0946,0.0
2023-12-20 14:00:00,1.0958,1.0964,1.0955,1.096,0.0
2023-12-20 13:00:00,1.0956,1.096,1.0949,1.0958,0.0
2023-12-20 12:00:00,1.0974,1.0976,1.0955,1.0956,0.0
2023-12-20 11:00:00,1.097,1.0975,1.0953,1.0974,0.0
2023-12-20 10:00:00,1.096,1.0972,1.0959,1.097,0.0
2023-12-20 09:00:00,1.0937,1.0963,1.0936,1.096,0.0
2023-12-20 08:00:00,1.0938,1.0942,1.0934,1.0937,0.0
2023-12-20 07:00:00,1.0953,1.0956,1.0935,1.0937,0.0
2023-12-20 06:00:00,1.0964,1.0965,1.0947,1.0952,0.0
2023-12-20 05:00:00,1.096,1.0965,1.0953,1.0964,0.0
2023-12-20 04:00:00,1.0967,1.0971,1.0958,1.0961,0.0
2023-12-20 03:00:00,1.0959,1.097,1.0951,1.0966,0.0
2023-12-20 02:00:00,1.0965,1.0965,1.0955,1.0959,0.0
2023-12-20 01:00:00,1.0969,1.0969,1.0964,1.0965,0.0
2023-12-20 00:00:00,1.097,1.0971,1.0966,1.0969,0.0
2023-12-19 23:00:00,1.097,1.0971,1.0968,1.097,0.0
2023-12-19 22:00:00,1.097,1.0973,1.0967,1.097,0.0
2023-12-19 21:00:00,1.0973,1.0974,1.0968,1.097,0.0
2023-12-19 20:00:00,1.0979,1.0979,1.0971,1.0973,0.0
2023-12-19 19:00:00,1.0983,1.0983,1.0977,1.0979,0.0
2023-12-19 18:00:00,1.0979,1.0984,1.0975,1.0982,0.0
2023-12-19 17:00:00,1.0978,1.0981,1.0976,1.098,0.0
2023-12-19 16:00:00,1.0976,1.0978,1.0972,1.0978,0.0
2023-12-19 15:00:00,1.0975,1.0978,1.0972,1.0976,0.0
2023-12-19 14:00:00,1.0975,1.0976,1.0969,1.0975,0.0
2023-12-19 13:00:00,1.0977,1.0979,1.0972,1.0975,0.0
2023-12-19 12:00:00,1.0986,1.0986,1.0972,1.0977,0.0
2023-12-19 11:00:00,1.0979,1.0987,1.0969,1.0986,0.0
2023-12-19 10:00:00,1.0962,1.0984,1.0959,1.0979,0.0
2023-12-19 09:00:00,1.0969,1.0974,1.0953,1.0962,0.0
2023-12-19 08:00:00,1.0937,1.0971,1.0937,1.0969,0.0
2023-12-19 07:00:00,1.0938,1.094,1.093,1.0937,0.0
2023-12-19 06:00:00,1.0941,1.0945,1.0936,1.0938,0.0
2023-12-19 05:00:00,1.094,1.0949,1.0939,1.0941,0.0
2023-12-19 04:00:00,1.0929,1.0942,1.0927,1.094,0.0
2023-12-19 03:00:00,1.0928,1.0941,1.0924,1.0929,0.0
2023-12-19 02:00:00,1.0928,1.0931,1.0923,1.0928,0.0
2023-12-19 01:00:00,1.0923,1.0928,1.0921,1.0928,0.0
2023-12-19 00:00:00,1.0925,1.0927,1.092,1.0923,0.0
2023-12-18 23:00:00,1.0921,1.0929,1.092,1.0925,0.0
2023-12-18 22:00:00,1.0918,1.0923,1.0915,1.0922,0.0
2023-12-18 21:00:00,1.092,1.0926,1.0917,1.0919,0.0
2023-12-18 20:00:00,1.0923,1.0925,1.0917,1.092,0.0
2023-12-18 19:00:00,1.0921,1.0925,1.0919,1.0923,0.0
2023-12-18 18:00:00,1.0923,1.0924,1.0916,1.0921,0.0
2023-12-18 17:00:00,1.0919,1.0924,1.0917,1.0923,0.0
2023-12-18 16:00:00,1.0917,1.092,1.0913,1.0919,0.0
2023-12-18 15:00:00,1.0923,1.0923,1.0913,1.0917,0.0
2023-12-18 14:00:00,1.0928,1.0928,1.092,1.0923,0.0
2023-12-18 13:00:00,1.0919,1.0928,1.0918,1.0928,0.0
2023-12-18 12:00:00,1.0914,1.0925,1.0913,1.0919,0.0
2023-12-18 11:00:00,1.0929,1.0931,1.0911,1.0914,0.0
2023-12-18 10:00:00,1.0921,1.0931,1.092,1.0929,0.0
2023-12-18 09:00:00,1.0914,1.0929,1.0913,1.0921,0.0
2023-12-18 08:00:00,1.0913,1.0917,1.0909,1.0914,0.0
2023-12-18 07:00:00,1.091,1.0914,1.0907,1.0913,0.0
2023-12-18 06:00:00,1.0919,1.0921,1.0908,1.091,0.0
2023-12-18 05:00:00,1.0918,1.0928,1.0914,1.0919,0.0
2023-12-18 04:00:00,1.0922,1.0924,1.0916,1.0918,0.0
2023-12-18 03:00:00,1.0918,1.093,1.0916,1.0922,0.0
2023-12-18 02:00:00,1.0915,1.092,1.0911,1.0918,0.0
2023-12-18 01:00:00,1.0913,1.0916,1.0911,1.0915,0.0
2023-12-18 00:00:00,1.0911,1.0913,1.0909,1.0913,0.0
2023-12-17 23:00:00,1.0904,1.0914,1.0903,1.0911,0.0
2023-12-17 22:00:00,1.0897,1.0905,1.0897,1.0904,0.0
2023-12-17 21:00:00,1.09,1.0901,1.0894,1.0897,0.0
2023-12-17 20:00:00,1.0895,1.0901,1.0894,1.09,0.0
2023-12-17 19:00:00,1.0895,1.0897,1.0891,1.0895,0.0
2023-12-17 18:00:00,1.0897,1.0899,1.0893,1.0895,0.0
2023-12-15 16:00:00,1.09,1.0909,1.0894,1.0894,0.0
2023-12-15 15:00:00,1.0894,1.09,1.089,1.0899,0.0
2023-12-15 14:00:00,1.091,1.0911,1.0889,1.0894,0.0
2023-12-15 13:00:00,1.0905,1.0916,1.0904,1.091,0.0
2023-12-15 12:00:00,1.0916,1.0917,1.0901,1.0905,0.0
2023-12-15 11:00:00,1.092,1.0923,1.0905,1.0916,0.0
2023-12-15 10:00:00,1.0917,1.0928,1.091,1.0919,0.0
2023-12-15 09:00:00,1.0943,1.0948,1.0904,1.0916,0.0
2023-12-15 08:00:00,1.0968,1.0969,1.0941,1.0943,0.0
2023-12-15 07:00:00,1.0964,1.0969,1.0957,1.0968,0.0
2023-12-15 06:00:00,1.096,1.0967,1.0956,1.0964,0.0
2023-12-15 05:00:00,1.0956,1.0968,1.0949,1.096,0.0
2023-12-15 04:00:00,1.0994,1.0999,1.0946,1.0956,0.0
2023-12-15 03:00:00,1.0987,1.0995,1.0983,1.0994,0.0
2023-12-15 02:00:00,1.0984,1.0988,1.098,1.0987,0.0
2023-12-15 01:00:00,1.0998,1.0998,1.0983,1.0984,0.0
2023-12-15 00:00:00,1.0999,1.1004,1.0997,1.0998,0.0
2023-12-14 23:00:00,1.0997,1.1001,1.0994,1.0999,0.0
2023-12-14 22:00:00,1.0984,1.0999,1.0984,1.0997,0.0
2023-12-14 21:00:00,1.0983,1.099,1.0981,1.0984,0.0
2023-12-14 20:00:00,1.0993,1.0994,1.0977,1.0983,0.0
2023-12-14 19:00:00,1.0991,1.0996,1.0989,1.0993,0.0
2023-12-14 18:00:00,1.0991,1.0995,1.0986,1.0991,0.0
2023-12-14 17:00:00,1.0993,1.0994,1.0988,1.0992,0.0
2023-12-14 16:00:00,1.0992,1.0997,1.0988,1.0993,0.0
2023-12-14 15:00:00,1.0983,1.0995,1.0979,1.0992,0.0
2023-12-14 14:00:00,1.1005,1.1006,1.0982,1.0983,0.0
2023-12-14 13:00:00,1.0996,1.1009,1.0989,1.1005,0.0
2023-12-14 12:00:00,1.0994,1.1003,1.099,1.0996,0.0
2023-12-14 11:00:00,1.0991,1.0997,1.0968,1.0994,0.0
2023-12-14 10:00:00,1.0943,1.0993,1.0936,1.0991,0.0
2023-12-14 09:00:00,1.0924,1.0951,1.0906,1.0944,0.0
2023-12-14 08:00:00,1.093,1.094,1.0923,1.0924,0.0
2023-12-14 07:00:00,1.0913,1.0932,1.0913,1.093,0.0
2023-12-14 06:00:00,1.0904,1.0914,1.0898,1.0913,0.0
2023-12-14 05:00:00,1.0902,1.0913,1.09,1.0904,0.0
2023-12-14 04:00:00,1.0881,1.0905,1.088,1.0902,0.0
2023-12-14 03:00:00,1.0901,1.0908,1.0881,1.0881,0.0
2023-12-14 02:00:00,1.0894,1.0903,1.0894,1.0901,0.0
2023-12-14 01:00:00,1.0899,1.09,1.0893,1.0894,0.0
2023-12-14 00:00:00,1.0906,1.091,1.0899,1.0899,0.0
2023-12-13 23:00:00,1.0904,1.0915,1.0904,1.0906,0.0
2023-12-13 22:00:00,1.0897,1.0905,1.0893,1.0904,0.0
2023-12-13 21:00:00,1.0893,1.0898,1.0885,1.0896,0.0
2023-12-13 20:00:00,1.0882,1.0895,1.0879,1.0893,0.0
2023-12-13 19:00:00,1.0877,1.0885,1.0874,1.0882,0.0
2023-12-13 18:00:00,1.0873,1.0883,1.087,1.0876,0.0
2023-12-13 17:00:00,1.0881,1.0884,1.0873,1.0874,0.0
2023-12-13 16:00:00,1.0888,1.0897,1.0865,1.0881,0.0
2023-12-13 15:00:00,1.0786,1.0892,1.0781,1.0888,0.0
2023-12-13 14:00:00,1.0784,1.079,1.078,1.0786,0.0
2023-12-13 13:00:00,1.0792,1.0794,1.0783,1.0784,0.0
2023-12-13 12:00:00,1.0794,1.0797,1.0785,1.0792,0.0
2023-12-13 11:00:00,1.0791,1.0796,1.0784,1.0794,0.0
2023-12-13 10:00:00,1.08,1.0809,1.0782,1.0791,0.0
2023-12-13 09:00:00,1.0782,1.0804,1.0782,1.08,0.0
2023-12-13 08:00:00,1.0784,1.079,1.0781,1.0782,0.0
2023-12-13 07:00:00,1.0778,1.0785,1.0774,1.0784,0.0
2023-12-13 06:00:00,1.0787,1.0788,1.0773,1.0778,0.0
2023-12-13 05:00:00,1.0789,1.0792,1.078,1.0787,0.0
2023-12-13 04:00:00,1.0785,1.0793,1.0783,1.0789,0.0
2023-12-13 03:00:00,1.0784,1.0789,1.078,1.0785,0.0
2023-12-13 02:00:00,1.079,1.0792,1.0781,1.0783,0.0
2023-12-13 01:00:00,1.0786,1.0791,1.0786,1.079,0.0
2023-12-13 00:00:00,1.0787,1.079,1.0785,1.0786,0.0
2023-12-12 23:00:00,1.0787,1.0788,1.0784,1.0787,0.0
2023-12-12 22:00:00,1.0793,1.0794,1.0784,1.0787,0.0
2023-12-12 21:00:00,1.0794,1.0796,1.0791,1.0793,0.0
2023-12-12 20:00:00,1.0798,1.08,1.0791,1.0794,0.0
2023-12-12 19:00:00,1.0796,1.0799,1.0794,1.0798,0.0
2023-12-12 18:00:00,1.0794,1.0796,1.0791,1.0796,0.0
2023-12-12 17:00:00,1.0797,1.0799,1.0794,1.0794,0.0
2023-12-12 16:00:00,1.079,1.0798,1.0789,1.0797,0.0
2023-12-12 15:00:00,1.0793,1.0794,1.0787,1.079,0.0
2023-12-12 14:00:00,1.0788,1.0799,1.0786,1.0793,0.0
2023-12-12 13:00:00,1.0789,1.0796,1.0784,1.0788,0.0
2023-12-12 12:00:00,1.0784,1.0793,1.0781,1.0789,0.0
2023-12-12 11:00:00,1.0774,1.079,1.0769,1.0784,0.0
2023-12-12 10:00:00,1.0776,1.08,1.0767,1.0774,0.0
2023-12-12 09:00:00,1.0798,1.0828,1.0773,1.0777,0.0
2023-12-12 08:00:00,1.0796,1.0806,1.0796,1.0798,0.0
2023-12-12 07:00:00,1.0801,1.0802,1.0792,1.0796,0.0
2023-12-12 06:00:00,1.0794,1.0807,1.0793,1.0801,0.0
2023-12-12 05:00:00,1.0785,1.0798,1.078,1.0793,0.0
2023-12-12 04:00:00,1.0778,1.0792,1.0773,1.0785,0.0
2023-12-12 03:00:00,1.0779,1.0783,1.0774,1.0778,0.0
2023-12-12 02:00:00,1.0769,1.078,1.0768,1.0779,0.0
2023-12-12 01:00:00,1.0765,1.0771,1.0765,1.0769,0.0
2023-12-12 00:00:00,1.0768,1.0769,1.0764,1.0765,0.0
2023-12-11 23:00:00,1.0762,1.0769,1.0761,1.0768,0.0
2023-12-11 22:00:00,1.0765,1.077,1.0761,1.0761,0.0
2023-12-11 21:00:00,1.0765,1.077,1.0764,1.0764,0.0
2023-12-11 20:00:00,1.0765,1.0766,1.0763,1.0765,0.0
2023-12-11 19:00:00,1.0764,1.0765,1.0762,1.0765,0.0
2023-12-11 18:00:00,1.0763,1.0764,1.0757,1.0763,0.0
2023-12-11 17:00:00,1.0764,1.0765,1.0763,1.0764,0.0
2023-12-11 16:00:00,1.0761,1.0765,1.076,1.0764,0.0
2023-12-11 15:00:00,1.0763,1.077,1.0761,1.0761,0.0
2023-12-11 14:00:00,1.0744,1.0765,1.0742,1.0763,0.0
2023-12-11 13:00:00,1.0746,1.0755,1.0743,1.0744,0.0
2023-12-11 12:00:00,1.0744,1.075,1.0741,1.0746,0.0
2023-12-11 11:00:00,1.0753,1.076,1.0741,1.0744,0.0
2023-12-11 10:00:00,1.0764,1.0764,1.0744,1.0753,0.0
2023-12-11 09:00:00,1.0761,1.0767,1.0752,1.0763,0.0
2023-12-11 08:00:00,1.0768,1.077,1.0755,1.0761,0.0
2023-12-11 07:00:00,1.0773,1.0778,1.0763,1.0768,0.0
2023-12-11 06:00:00,1.0767,1.0779,1.0766,1.0773,0.0
2023-12-11 05:00:00,1.0765,1.0768,1.0757,1.0767,0.0
2023-12-11 04:00:00,1.0756,1.0771,1.0751,1.0765,0.0
2023-12-11 03:00:00,1.0769,1.077,1.0753,1.0756,0.0
2023-12-11 02:00:00,1.0768,1.0771,1.0766,1.0769,0.0
2023-12-11 01:00:00,1.0763,1.0768,1.0762,1.0768,0.0
2023-12-11 00:00:00,1.0765,1.0765,1.0761,1.0763,0.0
2023-12-10 23:00:00,1.0766,1.0768,1.0763,1.0765,0.0
2023-12-10 22:00:00,1.0767,1.0768,1.0764,1.0766,0.0
2023-12-10 21:00:00,1.0772,1.0774,1.0767,1.0767,0.0
2023-12-10 20:00:00,1.0765,1.0773,1.0765,1.0772,0.0
2023-12-10 19:00:00,1.0761,1.0768,1.076,1.0765,0.0
2023-12-10 18:00:00,1.0759,1.0762,1.0756,1.0761,0.0
2023-12-08 16:00:00,1.0759,1.0767,1.0756,1.0764,0.0
2023-12-08 15:00:00,1.0757,1.0762,1.0756,1.0759,0.0
2023-12-08 14:00:00,1.0756,1.0762,1.0753,1.0757,0.0
2023-12-08 13:00:00,1.0744,1.0758,1.074,1.0756,0.0
2023-12-08 12:00:00,1.0768,1.077,1.0744,1.0745,0.0
2023-12-08 11:00:00,1.0747,1.0786,1.0746,1.0768,0.0
2023-12-08 10:00:00,1.0747,1.0753,1.073,1.0746,0.0
2023-12-08 09:00:00,1.0777,1.078,1.0723,1.0747,0.0
2023-12-08 08:00:00,1.0783,1.0786,1.0775,1.0777,0.0
2023-12-08 07:00:00,1.0784,1.0787,1.0778,1.0783,0.0
2023-12-08 06:00:00,1.0777,1.079,1.0775,1.0784,0.0
2023-12-08 05:00:00,1.0789,1.0789,1.0772,1.0777,0.0
2023-12-08 04:00:00,1.0779,1.0791,1.0777,1.0789,0.0
2023-12-08 03:00:00,1.0779,1.0782,1.0773,1.0779,0.0
2023-12-08 02:00:00,1.0784,1.0787,1.0779,1.0779,0.0
2023-12-08 01:00:00,1.0783,1.0789,1.0782,1.0784,0.0
2023-12-08 00:00:00,1.0792,1.0792,1.0782,1.0783,0.0
2023-12-07 23:00:00,1.079,1.0796,1.0788,1.0792,0.0
2023-12-07 22:00:00,1.0788,1.079,1.0783,1.0789,0.0
2023-12-07 21:00:00,1.0796,1.0801,1.0785,1.0788,0.0
2023-12-07 20:00:00,1.0789,1.0798,1.0788,1.0796,0.0
2023-12-07 19:00:00,1.0792,1.0797,1.0789,1.0789,0.0
2023-12-07 18:00:00,1.0792,1.0797,1.0789,1.0792,0.0
2023-12-07 17:00:00,1.0795,1.0796,1.079,1.0794,0.0
2023-12-07 16:00:00,1.0798,1.0804,1.0795,1.0795,0.0
2023-12-07 15:00:00,1.0805,1.0806,1.0798,1.0798,0.0
2023-12-07 14:00:00,1.0814,1.0814,1.0802,1.0805,0.0
2023-12-07 13:00:00,1.0794,1.0817,1.0789,1.0814,0.0
2023-12-07 12:00:00,1.0784,1.0796,1.0784,1.0794,0.0
2023-12-07 11:00:00,1.077,1.0794,1.0767,1.0784,0.0
2023-12-07 10:00:00,1.079,1.0792,1.077,1.0771,0.0
2023-12-07 09:00:00,1.0769,1.0798,1.0761,1.079,0.0
2023-12-07 08:00:00,1.0771,1.0774,1.0759,1.0769,0.0
2023-12-07 07:00:00,1.0771,1.0777,1.0763,1.0771,0.0
2023-12-07 06:00:00,1.078,1.0783,1.0764,1.0771,0.0
2023-12-07 05:00:00,1.078,1.0785,1.0772,1.078,0.0
2023-12-07 04:00:00,1.0781,1.0783,1.0772,1.078,0.0
2023-12-07 03:00:00,1.0764,1.0781,1.0755,1.0781,0.0
2023-12-07 02:00:00,1.0761,1.0767,1.0758,1.0764,0.0
2023-12-07 01:00:00,1.076,1.0763,1.0757,1.0762,0.0
2023-12-07 00:00:00,1.0759,1.0763,1.0758,1.076,0.0
2023-12-06 23:00:00,1.0765,1.0765,1.0759,1.076,0.0
2023-12-06 22:00:00,1.0767,1.0771,1.0762,1.0765,0.0
2023-12-06 21:00:00,1.0769,1.0771,1.0764,1.0767,0.0
2023-12-06 20:00:00,1.0766,1.0772,1.0765,1.0769,0.0
2023-12-06 19:00:00,1.0767,1.0768,1.0764,1.0766,0.0
2023-12-06 18:00:00,1.0762,1.0769,1.0762,1.0767,0.0
2023-12-06 17:00:00,1.0762,1.0766,1.0762,1.0764,0.0
2023-12-06 16:00:00,1.0768,1.077,1.0758,1.0762,0.0
2023-12-06 15:00:00,1.0778,1.0779,1.0767,1.0768,0.0
2023-12-06 14:00:00,1.0781,1.0784,1.0771,1.0778,0.0
2023-12-06 13:00:00,1.0789,1.0792,1.078,1.0781,0.0
2023-12-06 12:00:00,1.079,1.08,1.0783,1.0789,0.0
2023-12-06 11:00:00,1.0795,1.08,1.0785,1.079,0.0
2023-12-06 10:00:00,1.0798,1.0805,1.0789,1.0795,0.0
2023-12-06 09:00:00,1.0777,1.08,1.0777,1.0798,0.0
2023-12-06 08:00:00,1.078,1.078,1.0772,1.0777,0.0
2023-12-06 07:00:00,1.0791,1.0791,1.0778,1.078,0.0
2023-12-06 06:00:00,1.0791,1.0796,1.0787,1.0791,0.0
2023-12-06 05:00:00,1.0787,1.0798,1.0786,1.0791,0.0
2023-12-06 04:00:00,1.079,1.079,1.0775,1.0786,0.0
2023-12-06 03:00:00,1.0788,1.0793,1.0778,1.079,0.0
2023-12-06 02:00:00,1.0801,1.0801,1.0787,1.0788,0.0
2023-12-06 01:00:00,1.0794,1.0802,1.0791,1.0801,0.0
2023-12-06 00:00:00,1.0796,1.08,1.0793,1.0794,0.0
2023-12-05 23:00:00,1.0792,1.0798,1.0791,1.0797,0.0
2023-12-05 22:00:00,1.0792,1.0794,1.0788,1.0792,0.0
2023-12-05 21:00:00,1.0795,1.0798,1.0788,1.0792,0.0
2023-12-05 20:00:00,1.0793,1.0796,1.0789,1.0795,0.0
2023-12-05 19:00:00,1.0797,1.0797,1.079,1.0793,0.0
2023-12-05 18:00:00,1.0796,1.0798,1.0789,1.0797,0.0
2023-12-05 17:00:00,1.0795,1.0799,1.0793,1.0796,0.0
2023-12-05 16:00:00,1.0784,1.0798,1.0781,1.0795,0.0
2023-12-05 15:00:00,1.0785,1.0786,1.0781,1.0784,0.0
2023-12-05 14:00:00,1.0792,1.0793,1.0778,1.0785,0.0
2023-12-05 13:00:00,1.0786,1.0797,1.0785,1.0792,0.0
2023-12-05 12:00:00,1.0805,1.0813,1.0782,1.0786,0.0
2023-12-05 11:00:00,1.0809,1.0839,1.0799,1.0805,0.0
2023-12-05 10:00:00,1.0829,1.083,1.0801,1.0809,0.0
2023-12-05 09:00:00,1.0814,1.0834,1.0814,1.0829,0.0
2023-12-05 08:00:00,1.0819,1.0821,1.0812,1.0814,0.0
2023-12-05 07:00:00,1.0832,1.0837,1.0815,1.0818,0.0
2023-12-05 06:00:00,1.0832,1.084,1.0829,1.0832,0.0
2023-12-05 05:00:00,1.0834,1.0843,1.083,1.0832,0.0
2023-12-05 04:00:00,1.0807,1.0834,1.0806,1.0834,0.0
2023-12-05 03:00:00,1.0834,1.0834,1.0804,1.0807,0.0
2023-12-05 02:00:00,1.0847,1.0847,1.0831,1.0834,0.0
2023-12-05 01:00:00,1.0844,1.0847,1.0839,1.0847,0.0
2023-12-05 00:00:00,1.084,1.0844,1.0839,1.0844,0.0
2023-12-04 23:00:00,1.0837,1.0843,1.0836,1.084,0.0
2023-12-04 22:00:00,1.0839,1.0843,1.0834,1.0836,0.0
2023-12-04 21:00:00,1.0843,1.0844,1.0834,1.0839,0.0
2023-12-04 20:00:00,1.0837,1.0846,1.0836,1.0843,0.0
2023-12-04 19:00:00,1.0835,1.0838,1.0833,1.0837,0.0
2023-12-04 18:00:00,1.0836,1.0836,1.083,1.0834,0.0
2023-12-04 17:00:00,1.0834,1.0837,1.0833,1.0836,0.0
2023-12-04 16:00:00,1.0828,1.0835,1.0827,1.0834,0.0
2023-12-04 15:00:00,1.0817,1.0829,1.0816,1.0828,0.0
2023-12-04 14:00:00,1.0826,1.0826,1.0815,1.0817,0.0
2023-12-04 13:00:00,1.0823,1.0827,1.0817,1.0826,0.0
2023-12-04 12:00:00,1.0815,1.0825,1.0811,1.0823,0.0
2023-12-04 11:00:00,1.084,1.0843,1.0804,1.0815,0.0
2023-12-04 10:00:00,1.0854,1.0855,1.0819,1.084,0.0
2023-12-04 09:00:00,1.0869,1.0876,1.0853,1.0855,0.0
2023-12-04 08:00:00,1.0869,1.0872,1.0859,1.0869,0.0
2023-12-04 07:00:00,1.0868,1.0879,1.0867,1.0869,0.0
2023-12-04 06:00:00,1.0874,1.0876,1.0858,1.0868,0.0
2023-12-04 05:00:00,1.0864,1.0881,1.0863,1.0874,0.0
2023-12-04 04:00:00,1.0854,1.0873,1.0854,1.0864,0.0
2023-12-04 03:00:00,1.0869,1.0869,1.085,1.0854,0.0
2023-12-04 02:00:00,1.0869,1.0876,1.0867,1.0868,0.0
2023-12-04 01:00:00,1.0872,1.0873,1.0868,1.0869,0.0
2023-12-04 00:00:00,1.088,1.0881,1.087,1.0871,0.0
2023-12-03 23:00:00,1.0883,1.0886,1.088,1.088,0.0
2023-12-03 22:00:00,1.0873,1.0884,1.087,1.0883,0.0
2023-12-03 21:00:00,1.0871,1.0877,1.0866,1.0873,0.0
2023-12-03 20:00:00,1.0885,1.0887,1.087,1.0871,0.0
2023-12-03 19:00:00,1.0882,1.0895,1.0879,1.0886,0.0
2023-12-03 18:00:00,1.0877,1.089,1.0876,1.0882,0.0
2023-12-01 16:00:00,1.0872,1.088,1.0871,1.0879,0.0
2023-12-01 15:00:00,1.0889,1.0893,1.087,1.0872,0.0
2023-12-01 14:00:00,1.0881,1.0893,1.0878,1.0889,0.0
2023-12-01 13:00:00,1.0877,1.0884,1.0871,1.0881,0.0
2023-12-01 12:00:00,1.0838,1.0885,1.0829,1.0877,0.0
2023-12-01 11:00:00,1.0844,1.0866,1.0833,1.0838,0.0
2023-12-01 10:00:00,1.0867,1.087,1.0841,1.0844,0.0
2023-12-01 09:00:00,1.0876,1.0885,1.0866,1.0868,0.0
2023-12-01 08:00:00,1.0897,1.0901,1.0876,1.0877,0.0
2023-12-01 07:00:00,1.0891,1.0897,1.0882,1.0897,0.0
2023-12-01 06:00:00,1.0897,1.0904,1.0885,1.089,0.0
2023-12-01 05:00:00,1.0893,1.0905,1.0889,1.0898,0.0
2023-12-01 04:00:00,1.0895,1.0903,1.0886,1.0893,0.0
2023-12-01 03:00:00,1.0909,1.0912,1.0894,1.0895,0.0
2023-12-01 02:00:00,1.0911,1.0912,1.0906,1.0909,0.0
2023-12-01 01:00:00,1.0906,1.0912,1.0905,1.0911,0.0
2023-12-01 00:00:00,1.09,1.0907,1.0898,1.0906,0.0
2023-11-30 23:00:00,1.0908,1.0909,1.0899,1.09,0.0
2023-11-30 22:00:00,1.0907,1.0913,1.0905,1.0908,0.0
2023-11-30 21:00:00,1.0902,1.091,1.0901,1.0906,0.0
2023-11-30 20:00:00,1.0892,1.0903,1.0891,1.0901,0.0
2023-11-30 19:00:00,1.0891,1.0895,1.0888,1.0891,0.0
2023-11-30 18:00:00,1.0886,1.0892,1.0882,1.089,0.0
2023-11-30 17:00:00,1.0885,1.0891,1.0884,1.0886,0.0
2023-11-30 16:00:00,1.089,1.0892,1.0879,1.0885,0.0
2023-11-30 15:00:00,1.0889,1.0895,1.0885,1.089,0.0
2023-11-30 14:00:00,1.089,1.09,1.0883,1.0889,0.0
2023-11-30 13:00:00,1.0906,1.0912,1.0888,1.089,0.0
2023-11-30 12:00:00,1.0911,1.0917,1.0901,1.0906,0.0
2023-11-30 11:00:00,1.0908,1.0918,1.0894,1.0911,0.0
2023-11-30 10:00:00,1.0916,1.0922,1.0892,1.0908,0.0
2023-11-30 09:00:00,1.0925,1.095,1.0914,1.0915,0.0
2023-11-30 08:00:00,1.0916,1.0932,1.0911,1.0925,0.0
2023-11-30 07:00:00,1.0918,1.0919,1.0909,1.0916,0.0
2023-11-30 06:00:00,1.0924,1.093,1.0909,1.0918,0.0
2023-11-30 05:00:00,1.0923,1.0939,1.092,1.0925,0.0
2023-11-30 04:00:00,1.0952,1.0959,1.092,1.0923,0.0
2023-11-30 03:00:00,1.0979,1.0979,1.094,1.0951,0.0
2023-11-30 02:00:00,1.0972,1.0982,1.0972,1.0979,0.0
2023-11-30 01:00:00,1.0969,1.0973,1.0965,1.0972,0.0
2023-11-30 00:00:00,1.0974,1.0976,1.0968,1.0969,0.0
2023-11-29 23:00:00,1.0977,1.0977,1.0973,1.0974,0.0
2023-11-29 22:00:00,1.0969,1.0978,1.0967,1.0977,0.0
2023-11-29 21:00:00,1.0982,1.0983,1.0968,1.097,0.0
2023-11-29 20:00:00,1.0973,1.0984,1.0972,1.0983,0.0
2023-11-29 19:00:00,1.0971,1.0974,1.097,1.0973,0.0
2023-11-29 18:00:00,1.0967,1.0972,1.0967,1.0971,0.0
2023-11-29 17:00:00,1.0972,1.0975,1.0967,1.0969,0.0
2023-11-29 16:00:00,1.0983,1.0984,1.0971,1.0972,0.0
2023-11-29 15:00:00,1.0984,1.0995,1.0977,1.0983,0.0
2023-11-29 14:00:00,1.0976,1.0985,1.0972,1.0984,0.0
2023-11-29 13:00:00,1.0968,1.0978,1.0966,1.0976,0.0
2023-11-29 12:00:00,1.0975,1.0978,1.0961,1.0968,0.0
2023-11-29 11:00:00,1.0977,1.0991,1.096,1.0975,0.0
2023-11-29 10:00:00,1.0973,1.0991,1.0962,1.0977,0.0
2023-11-29 09:00:00,1.0985,1.0995,1.0972,1.0973,0.0
2023-11-29 08:00:00,1.0984,1.0989,1.0979,1.0985,0.0
2023-11-29 07:00:00,1.0977,1.0985,1.0971,1.0985,0.0
2023-11-29 06:00:00,1.0974,1.0978,1.0969,1.0977,0.0
2023-11-29 05:00:00,1.0989,1.0991,1.0972,1.0975,0.0
2023-11-29 04:00:00,1.0984,1.0998,1.0976,1.099,0.0
2023-11-29 03:00:00,1.1001,1.1001,1.0982,1.0985,0.0
2023-11-29 02:00:00,1.1002,1.1004,1.0996,1.1001,0.0
2023-11-29 01:00:00,1.1002,1.1004,1.0998,1.1002,0.0
2023-11-29 00:00:00,1.0998,1.1003,1.0997,1.1002,0.0
2023-11-28 23:00:00,1.1006,1.1008,1.0998,1.0998,0.0
2023-11-28 22:00:00,1.1006,1.1008,1.0998,1.1006,0.0
2023-11-28 21:00:00,1.1006,1.1017,1.1004,1.1006,0.0
2023-11-28 20:00:00,1.1004,1.1008,1.0997,1.1006,0.0
2023-11-28 19:00:00,1.0993,1.1005,1.0992,1.1004,0.0
2023-11-28 18:00:00,1.0991,1.0996,1.0989,1.0993,0.0
2023-11-28 17:00:00,1.0988,1.0996,1.0985,1.0993,0.0
2023-11-28 16:00:00,1.0991,1.0991,1.0976,1.0988,0.0
2023-11-28 15:00:00,1.0981,1.0994,1.0981,1.0991,0.0
2023-11-28 14:00:00,1.0986,1.0988,1.0973,1.0981,0.0
2023-11-28 13:00:00,1.1005,1.1009,1.0985,1.0987,0.0
2023-11-28 12:00:00,1.0981,1.1006,1.0977,1.1005,0.0
2023-11-28 11:00:00,1.0979,1.1002,1.0968,1.0981,0.0
2023-11-28 10:00:00,1.0972,1.0985,1.0964,1.0979,0.0
2023-11-28 09:00:00,1.0951,1.0974,1.0945,1.0972,0.0
2023-11-28 08:00:00,1.095,1.0962,1.0947,1.0951,0.0
2023-11-28 07:00:00,1.0952,1.0958,1.0949,1.095,0.0
2023-11-28 06:00:00,1.0954,1.0957,1.0946,1.0952,0.0
2023-11-28 05:00:00,1.0947,1.0955,1.0947,1.0954,0.0
2023-11-28 04:00:00,1.0936,1.095,1.0936,1.0947,0.0
2023-11-28 03:00:00,1.0947,1.0947,1.0934,1.0936,0.0
2023-11-28 02:00:00,1.0951,1.0952,1.0946,1.0947,0.0
2023-11-28 01:00:00,1.0952,1.0954,1.095,1.0951,0.0
2023-11-28 00:00:00,1.0955,1.0955,1.0952,1.0952,0.0
2023-11-27 23:00:00,1.0957,1.0959,1.0954,1.0955,0.0
2023-11-27 22:00:00,1.0958,1.0963,1.0953,1.0958,0.0
2023-11-27 21:00:00,1.0958,1.0962,1.0954,1.0957,0.0
2023-11-27 20:00:00,1.0959,1.0961,1.0955,1.0958,0.0
2023-11-27 19:00:00,1.0953,1.0959,1.0952,1.0959,0.0
2023-11-27 18:00:00,1.0952,1.0957,1.0946,1.0954,0.0
2023-11-27 17:00:00,1.0957,1.0957,1.0952,1.0953,0.0
2023-11-27 16:00:00,1.0956,1.0957,1.095,1.0957,0.0
2023-11-27 15:00:00,1.0942,1.0957,1.0942,1.0956,0.0
2023-11-27 14:00:00,1.0934,1.0942,1.0932,1.0942,0.0
2023-11-27 13:00:00,1.0936,1.0938,1.0929,1.0934,0.0
2023-11-27 12:00:00,1.0933,1.0938,1.0928,1.0936,0.0
2023-11-27 11:00:00,1.0928,1.0939,1.0925,1.0933,0.0
2023-11-27 10:00:00,1.0943,1.0945,1.0925,1.0928,0.0
2023-11-27 09:00:00,1.095,1.0955,1.0943,1.0944,0.0
2023-11-27 08:00:00,1.0954,1.0955,1.0945,1.0949,0.0
2023-11-27 07:00:00,1.0955,1.0956,1.0945,1.0954,0.0
2023-11-27 06:00:00,1.0948,1.0956,1.0945,1.0954,0.0
2023-11-27 05:00:00,1.0943,1.0952,1.0941,1.0948,0.0
2023-11-27 04:00:00,1.0947,1.0952,1.0939,1.0943,0.0
2023-11-27 03:00:00,1.095,1.0959,1.0945,1.0947,0.0
2023-11-27 02:00:00,1.0949,1.0956,1.0948,1.095,0.0
2023-11-27 01:00:00,1.0947,1.0951,1.0944,1.0949,0.0
2023-11-27 00:00:00,1.0945,1.095,1.0942,1.0947,0.0
2023-11-26 23:00:00,1.0943,1.0946,1.0939,1.0945,0.0
2023-11-26 22:00:00,1.0947,1.0947,1.0938,1.0943,0.0
2023-11-26 21:00:00,1.0929,1.095,1.0926,1.0947,0.0
2023-11-26 20:00:00,1.0939,1.0941,1.0928,1.0929,0.0
2023-11-26 19:00:00,1.0944,1.0947,1.0938,1.0939,0.0
2023-11-26 18:00:00,1.0943,1.0946,1.0941,1.0943,0.0
2023-11-24 16:00:00,1.0946,1.0948,1.094,1.0943,0.0
2023-11-24 15:00:00,1.0947,1.0948,1.0938,1.0945,0.0
2023-11-24 14:00:00,1.094,1.0949,1.094,1.0947,0.0
2023-11-24 13:00:00,1.0933,1.0941,1.0928,1.094,0.0
2023-11-24 12:00:00,1.094,1.0941,1.093,1.0933,0.0
2023-11-24 11:00:00,1.0937,1.0945,1.0934,1.0939,0.0
2023-11-24 10:00:00,1.0922,1.0938,1.0917,1.0937,0.0
2023-11-24 09:00:00,1.0917,1.0922,1.0907,1.0922,0.0
2023-11-24 08:00:00,1.0914,1.0928,1.0912,1.0917,0.0
2023-11-24 07:00:00,1.091,1.0917,1.0906,1.0914,0.0
2023-11-24 06:00:00,1.0902,1.091,1.0901,1.0909,0.0
2023-11-24 05:00:00,1.0919,1.0921,1.0901,1.0902,0.0
2023-11-24 04:00:00,1.0908,1.0919,1.0905,1.0919,0.0
2023-11-24 03:00:00,1.0907,1.0911,1.0903,1.0908,0.0
2023-11-24 02:00:00,1.0912,1.0912,1.0904,1.0907,0.0
2023-11-24 01:00:00,1.0903,1.0912,1.0903,1.0911,0.0
2023-11-24 00:00:00,1.0899,1.0904,1.0897,1.0903,0.0
2023-11-23 23:00:00,1.0896,1.0899,1.0895,1.0899,0.0
2023-11-23 22:00:00,1.0902,1.0903,1.0895,1.0895,0.0
2023-11-23 21:00:00,1.0907,1.091,1.0901,1.0902,0.0
2023-11-23 20:00:00,1.0904,1.091,1.0903,1.0907,0.0
2023-11-23 19:00:00,1.0906,1.0907,1.0903,1.0904,0.0
2023-11-23 18:00:00,1.0903,1.0906,1.09,1.0906,0.0
2023-11-23 17:00:00,1.0905,1.0907,1.0903,1.0903,0.0
2023-11-23 16:00:00,1.0903,1.0906,1.0902,1.0905,0.0
2023-11-23 15:00:00,1.0903,1.0907,1.0903,1.0903,0.0
2023-11-23 14:00:00,1.0905,1.0906,1.0903,1.0903,0.0
2023-11-23 13:00:00,1.0906,1.0907,1.0902,1.0906,0.0
2023-11-23 12:00:00,1.0909,1.091,1.0902,1.0906,0.0
2023-11-23 11:00:00,1.0896,1.0911,1.0896,1.091,0.0
2023-11-23 10:00:00,1.0902,1.0903,1.0887,1.0896,0.0
2023-11-23 09:00:00,1.0903,1.0905,1.0896,1.0902,0.0
2023-11-23 08:00:00,1.0915,1.0915,1.09,1.0903,0.0
2023-11-23 07:00:00,1.0919,1.092,1.0912,1.0915,0.0
2023-11-23 06:00:00,1.0923,1.0924,1.0915,1.0919,0.0
2023-11-23 05:00:00,1.0917,1.0924,1.0905,1.0923,0.0
2023-11-23 04:00:00,1.0914,1.093,1.0895,1.0917,0.0
2023-11-23 03:00:00,1.0908,1.0915,1.0905,1.0914,0.0
2023-11-23 02:00:00,1.091,1.0918,1.0906,1.0908,0.0
2023-11-23 01:00:00,1.0902,1.0912,1.0901,1.091,0.0
2023-11-23 00:00:00,1.0905,1.0905,1.0902,1.0902,0.0
2023-11-22 23:00:00,1.0903,1.0906,1.0901,1.0905,0.0
2023-11-22 22:00:00,1.0895,1.0905,1.0894,1.0903,0.0
2023-11-22 21:00:00,1.0892,1.0896,1.0888,1.0895,0.0
2023-11-22 20:00:00,1.0888,1.0892,1.0888,1.0892,0.0
2023-11-22 19:00:00,1.0886,1.0888,1.0882,1.0888,0.0
2023-11-22 18:00:00,1.0886,1.0888,1.0881,1.0886,0.0
2023-11-22 17:00:00,1.0888,1.089,1.0886,1.0888,0.0
2023-11-22 16:00:00,1.0884,1.0888,1.0881,1.0887,0.0
2023-11-22 15:00:00,1.0884,1.0888,1.0879,1.0884,0.0
2023-11-22 14:00:00,1.0878,1.0887,1.0877,1.0883,0.0
2023-11-22 13:00:00,1.0871,1.0883,1.0869,1.0879,0.0
2023-11-22 12:00:00,1.0865,1.0873,1.0861,1.087,0.0
2023-11-22 11:00:00,1.0874,1.0874,1.0852,1.0865,0.0
2023-11-22 10:00:00,1.0896,1.0898,1.0871,1.0874,0.0
2023-11-22 09:00:00,1.0906,1.0918,1.0891,1.0896,0.0
2023-11-22 08:00:00,1.09,1.0912,1.0898,1.0907,0.0
2023-11-22 07:00:00,1.0901,1.0908,1.0898,1.09,0.0
2023-11-22 06:00:00,1.0902,1.0906,1.0895,1.0901,0.0
2023-11-22 05:00:00,1.0885,1.0912,1.0885,1.0903,0.0
2023-11-22 04:00:00,1.0914,1.092,1.0882,1.0885,0.0
2023-11-22 03:00:00,1.09,1.0917,1.09,1.0915,0.0
2023-11-22 02:00:00,1.0907,1.0908,1.0895,1.09,0.0
2023-11-22 01:00:00,1.0913,1.0915,1.0905,1.0907,0.0
2023-11-22 00:00:00,1.0914,1.0916,1.0911,1.0914,0.0
2023-11-21 23:00:00,1.0916,1.0919,1.0913,1.0914,0.0
2023-11-21 22:00:00,1.0913,1.092,1.0912,1.0916,0.0
2023-11-21 21:00:00,1.0919,1.0923,1.0909,1.0913,0.0
2023-11-21 20:00:00,1.0917,1.092,1.0914,1.0919,0.0
2023-11-21 19:00:00,1.091,1.0918,1.0909,1.0917,0.0
2023-11-21 18:00:00,1.091,1.0913,1.0907,1.0909,0.0
2023-11-21 17:00:00,1.0912,1.0915,1.0909,1.0911,0.0
2023-11-21 16:00:00,1.0915,1.0917,1.0911,1.0911,0.0
2023-11-21 15:00:00,1.0908,1.0916,1.09,1.0915,0.0
2023-11-21 14:00:00,1.0921,1.0922,1.0903,1.0908,0.0
2023-11-21 13:00:00,1.0923,1.0926,1.0918,1.092,0.0
2023-11-21 12:00:00,1.0934,1.0944,1.0922,1.0923,0.0
2023-11-21 11:00:00,1.0953,1.0959,1.0931,1.0934,0.0
2023-11-21 10:00:00,1.0945,1.0959,1.0944,1.0953,0.0
2023-11-21 09:00:00,1.0948,1.0961,1.0939,1.0945,0.0
2023-11-21 08:00:00,1.0939,1.0951,1.0939,1.0948,0.0
2023-11-21 07:00:00,1.0945,1.0947,1.0939,1.0939,0.0
2023-11-21 06:00:00,1.0943,1.0954,1.0942,1.0945,0.0
2023-11-21 05:00:00,1.0946,1.0951,1.0942,1.0944,0.0
2023-11-21 04:00:00,1.0954,1.0964,1.0943,1.0946,0.0
2023-11-21 03:00:00,1.0958,1.0963,1.0951,1.0954,0.0
2023-11-21 02:00:00,1.0956,1.0961,1.0952,1.0958,0.0
2023-11-21 01:00:00,1.0958,1.0964,1.0953,1.0956,0.0
2023-11-21 00:00:00,1.0963,1.0965,1.0958,1.0959,0.0
2023-11-20 23:00:00,1.0959,1.0964,1.0958,1.0963,0.0
2023-11-20 22:00:00,1.0952,1.0962,1.0948,1.096,0.0
2023-11-20 21:00:00,1.0945,1.0957,1.0943,1.0952,0.0
2023-11-20 20:00:00,1.0945,1.0952,1.0942,1.0945,0.0
2023-11-20 19:00:00,1.094,1.0947,1.094,1.0944,0.0
2023-11-20 18:00:00,1.0939,1.0943,1.0936,1.0941,0.0
2023-11-20 17:00:00,1.0942,1.0944,1.0939,1.0939,0.0
2023-11-20 16:00:00,1.0946,1.0948,1.0942,1.0942,0.0
2023-11-20 15:00:00,1.0945,1.0947,1.0938,1.0946,0.0
2023-11-20 14:00:00,1.0938,1.0952,1.0937,1.0945,0.0
2023-11-20 13:00:00,1.0944,1.0952,1.0935,1.0937,0.0
2023-11-20 12:00:00,1.0938,1.0945,1.0938,1.0944,0.0
2023-11-20 11:00:00,1.094,1.0942,1.0926,1.0938,0.0
2023-11-20 10:00:00,1.0926,1.0946,1.0918,1.094,0.0
2023-11-20 09:00:00,1.093,1.0932,1.0924,1.0926,0.0
2023-11-20 08:00:00,1.0923,1.0931,1.092,1.093,0.0
2023-11-20 07:00:00,1.0926,1.0929,1.0921,1.0923,0.0
2023-11-20 06:00:00,1.0937,1.0937,1.0922,1.0926,0.0
2023-11-20 05:00:00,1.0919,1.094,1.0918,1.0937,0.0
2023-11-20 04:00:00,1.0916,1.093,1.0915,1.0919,0.0
2023-11-20 03:00:00,1.0917,1.092,1.0913,1.0916,0.0
2023-11-20 02:00:00,1.0919,1.0923,1.0915,1.0917,0.0
2023-11-20 01:00:00,1.0922,1.0928,1.0918,1.0919,0.0
2023-11-20 00:00:00,1.0924,1.0936,1.0921,1.0922,0.0
2023-11-19 23:00:00,1.0922,1.0925,1.0917,1.0924,0.0
2023-11-19 22:00:00,1.0908,1.0924,1.0908,1.0922,0.0
2023-11-19 21:00:00,1.0901,1.0911,1.0901,1.0908,0.0
2023-11-19 20:00:00,1.0905,1.0905,1.0897,1.0901,0.0
2023-11-19 19:00:00,1.0909,1.0911,1.0904,1.0905,0.0
2023-11-19 18:00:00,1.091,1.0914,1.0906,1.0909,0.0
2023-11-17 16:00:00,1.0899,1.0909,1.0897,1.0908,0.0
2023-11-17 15:00:00,1.0903,1.0904,1.0895,1.0899,0.0
2023-11-17 14:00:00,1.089,1.0904,1.0888,1.0903,0.0
2023-11-17 13:00:00,1.0878,1.0891,1.0878,1.089,0.0
2023-11-17 12:00:00,1.0887,1.089,1.0875,1.0878,0.0
2023-11-17 11:00:00,1.0869,1.0893,1.0868,1.0887,0.0
2023-11-17 10:00:00,1.0871,1.0884,1.0858,1.0869,0.0
2023-11-17 09:00:00,1.0863,1.0877,1.0861,1.0871,0.0
2023-11-17 08:00:00,1.0866,1.0869,1.0857,1.0863,0.0
2023-11-17 07:00:00,1.0871,1.0875,1.0858,1.0866,0.0
2023-11-17 06:00:00,1.0853,1.0871,1.0851,1.0871,0.0
2023-11-17 05:00:00,1.0848,1.0858,1.0845,1.0853,0.0
2023-11-17 04:00:00,1.0838,1.0849,1.0825,1.0848,0.0
2023-11-17 03:00:00,1.0851,1.0851,1.0835,1.0838,0.0
2023-11-17 02:00:00,1.0853,1.0856,1.0851,1.0851,0.0
2023-11-17 01:00:00,1.085,1.0856,1.0848,1.0853,0.0
2023-11-17 00:00:00,1.0854,1.0855,1.085,1.085,0.0
2023-11-16 23:00:00,1.0855,1.0857,1.0853,1.0854,0.0
2023-11-16 22:00:00,1.0853,1.0857,1.0849,1.0855,0.0
2023-11-16 21:00:00,1.0853,1.0857,1.085,1.0853,0.0
2023-11-16 20:00:00,1.0853,1.0856,1.0849,1.0853,0.0
2023-11-16 19:00:00,1.0852,1.0856,1.085,1.0853,0.0
2023-11-16 18:00:00,1.085,1.0853,1.0844,1.0853,0.0
2023-11-16 17:00:00,1.0846,1.0854,1.0846,1.0852,0.0
2023-11-16 16:00:00,1.0856,1.0858,1.0845,1.0846,0.0
2023-11-16 15:00:00,1.0859,1.086,1.0852,1.0856,0.0
2023-11-16 14:00:00,1.086,1.0865,1.0856,1.0859,0.0
2023-11-16 13:00:00,1.085,1.0861,1.0847,1.086,0.0
2023-11-16 12:00:00,1.0878,1.0883,1.0846,1.085,0.0
2023-11-16 11:00:00,1.0876,1.0896,1.0872,1.0878,0.0
2023-11-16 10:00:00,1.0881,1.0881,1.0858,1.0876,0.0
2023-11-16 09:00:00,1.0842,1.0882,1.0841,1.0881,0.0
2023-11-16 08:00:00,1.0852,1.0853,1.0839,1.0842,0.0
2023-11-16 07:00:00,1.0845,1.0858,1.0844,1.0852,0.0
2023-11-16 06:00:00,1.0851,1.0852,1.0843,1.0845,0.0
2023-11-16 05:00:00,1.0855,1.0861,1.0848,1.0851,0.0
2023-11-16 04:00:00,1.0841,1.0855,1.0838,1.0855,0.0
2023-11-16 03:00:00,1.0839,1.0846,1.0834,1.0841,0.0
2023-11-16 02:00:00,1.0838,1.0841,1.0836,1.0839,0.0
2023-11-16 01:00:00,1.0837,1.084,1.0833,1.0838,0.0
2023-11-16 00:00:00,1.0832,1.0837,1.0832,1.0837,0.0
2023-11-15 23:00:00,1.0833,1.0836,1.0831,1.0832,0.0
2023-11-15 22:00:00,1.0844,1.0844,1.083,1.0833,0.0
2023-11-15 21:00:00,1.0855,1.0856,1.0842,1.0843,0.0
2023-11-15 20:00:00,1.0854,1.0856,1.085,1.0855,0.0
2023-11-15 19:00:00,1.0847,1.0854,1.0845,1.0854,0.0
2023-11-15 18:00:00,1.0845,1.0851,1.0843,1.0848,0.0
2023-11-15 17:00:00,1.0843,1.0848,1.0842,1.0847,0.0
2023-11-15 16:00:00,1.0846,1.0847,1.0842,1.0843,0.0
2023-11-15 15:00:00,1.0846,1.0848,1.0841,1.0846,0.0
2023-11-15 14:00:00,1.0854,1.0855,1.0842,1.0846,0.0
2023-11-15 13:00:00,1.0852,1.0856,1.0843,1.0854,0.0
2023-11-15 12:00:00,1.0865,1.0869,1.0848,1.0852,0.0
2023-11-15 11:00:00,1.0836,1.0865,1.0834,1.0865,0.0
2023-11-15 10:00:00,1.0859,1.0861,1.0831,1.0836,0.0
2023-11-15 09:00:00,1.0864,1.0886,1.084,1.0859,0.0
2023-11-15 08:00:00,1.0866,1.0868,1.0854,1.0864,0.0
2023-11-15 07:00:00,1.0857,1.0868,1.0856,1.0866,0.0
2023-11-15 06:00:00,1.0852,1.0859,1.085,1.0857,0.0
2023-11-15 05:00:00,1.087,1.0871,1.0844,1.0852,0.0
2023-11-15 04:00:00,1.0872,1.0879,1.0866,1.0871,0.0
2023-11-15 03:00:00,1.0873,1.0876,1.0865,1.0873,0.0
2023-11-15 02:00:00,1.0873,1.0877,1.0871,1.0873,0.0
2023-11-15 01:00:00,1.0877,1.0879,1.0872,1.0873,0.0
2023-11-15 00:00:00,1.0882,1.0884,1.0877,1.0878,0.0
2023-11-14 23:00:00,1.0878,1.0883,1.0876,1.0882,0.0
2023-11-14 22:00:00,1.0872,1.088,1.087,1.0878,0.0
2023-11-14 21:00:00,1.0869,1.0874,1.0867,1.0872,0.0
2023-11-14 20:00:00,1.0878,1.0878,1.0865,1.087,0.0
2023-11-14 19:00:00,1.0873,1.0883,1.0873,1.0878,0.0
2023-11-14 18:00:00,1.0879,1.0879,1.0872,1.0873,0.0
2023-11-14 17:00:00,1.0882,1.0883,1.0875,1.0879,0.0
2023-11-14 16:00:00,1.0881,1.0888,1.0877,1.0883,0.0
2023-11-14 15:00:00,1.087,1.0883,1.0867,1.0881,0.0
2023-11-14 14:00:00,1.0873,1.0877,1.0869,1.087,0.0
2023-11-14 13:00:00,1.086,1.0874,1.0854,1.0873,0.0
2023-11-14 12:00:00,1.0838,1.0864,1.0836,1.086,0.0
2023-11-14 11:00:00,1.0833,1.0842,1.0823,1.0838,0.0
2023-11-14 10:00:00,1.0789,1.0836,1.0789,1.0833,0.0
2023-11-14 09:00:00,1.0721,1.08,1.0709,1.0789,0.0
2023-11-14 08:00:00,1.0719,1.0727,1.0718,1.0721,0.0
2023-11-14 07:00:00,1.0721,1.0724,1.0715,1.0719,0.0
2023-11-14 06:00:00,1.0715,1.0731,1.0715,1.0722,0.0
2023-11-14 05:00:00,1.0698,1.0718,1.0696,1.0716,0.0
2023-11-14 04:00:00,1.0706,1.071,1.0696,1.0698,0.0
2023-11-14 03:00:00,1.0699,1.071,1.0697,1.0706,0.0
2023-11-14 02:00:00,1.0695,1.07,1.0694,1.0699,0.0
2023-11-14 01:00:00,1.0696,1.0696,1.0693,1.0695,0.0
2023-11-14 00:00:00,1.0696,1.07,1.0696,1.0696,0.0
2023-11-13 23:00:00,1.0698,1.0698,1.0695,1.0696,0.0
2023-11-13 22:00:00,1.0699,1.0702,1.0696,1.0698,0.0
2023-11-13 21:00:00,1.0699,1.07,1.0694,1.0698,0.0
2023-11-13 20:00:00,1.0701,1.0702,1.0698,1.0699,0.0
2023-11-13 19:00:00,1.0699,1.0701,1.0696,1.0701,0.0
2023-11-13 18:00:00,1.0697,1.0701,1.0696,1.0699,0.0
2023-11-13 17:00:00,1.0699,1.0699,1.0697,1.0699,0.0
2023-11-13 16:00:00,1.0702,1.0704,1.0699,1.0699,0.0
2023-11-13 15:00:00,1.0701,1.0706,1.0697,1.0702,0.0
2023-11-13 14:00:00,1.0696,1.0705,1.069,1.0702,0.0
2023-11-13 13:00:00,1.0699,1.0706,1.0693,1.0696,0.0
2023-11-13 12:00:00,1.0689,1.0704,1.0685,1.0699,0.0
2023-11-13 11:00:00,1.0677,1.0693,1.0675,1.0689,0.0
2023-11-13 10:00:00,1.0673,1.068,1.0668,1.0677,0.0
2023-11-13 09:00:00,1.0673,1.0674,1.0665,1.0673,0.0
2023-11-13 08:00:00,1.0687,1.0688,1.067,1.0673,0.0
2023-11-13 07:00:00,1.0697,1.0698,1.0685,1.0687,0.0
2023-11-13 06:00:00,1.0689,1.07,1.0687,1.0697,0.0
2023-11-13 05:00:00,1.0692,1.0701,1.0685,1.0689,0.0
2023-11-13 04:00:00,1.0692,1.0695,1.0685,1.0692,0.0
2023-11-13 03:00:00,1.069,1.0697,1.0689,1.0693,0.0
2023-11-13 02:00:00,1.0686,1.0692,1.0683,1.069,0.0
2023-11-13 01:00:00,1.0684,1.0687,1.0683,1.0686,0.0
2023-11-13 00:00:00,1.0686,1.0689,1.0684,1.0684,0.0
2023-11-12 23:00:00,1.0683,1.0686,1.0681,1.0686,0.0
2023-11-12 22:00:00,1.0686,1.0687,1.0681,1.0683,0.0
2023-11-12 21:00:00,1.0684,1.0689,1.0681,1.0686,0.0
2023-11-12 20:00:00,1.069,1.0691,1.0682,1.0684,0.0
2023-11-12 19:00:00,1.0683,1.0691,1.0683,1.069,0.0
2023-11-12 18:00:00,1.0683,1.0686,1.068,1.0684,0.0
2023-11-10 16:00:00,1.068,1.0688,1.0677,1.0685,0.0
2023-11-10 15:00:00,1.0681,1.0688,1.0678,1.0679,0.0
2023-11-10 14:00:00,1.0679,1.0684,1.0673,1.0681,0.0
2023-11-10 13:00:00,1.0669,1.0682,1.0664,1.0679,0.0
2023-11-10 12:00:00,1.067,1.068,1.0663,1.0669,0.0
2023-11-10 11:00:00,1.0673,1.068,1.0662,1.067,0.0
2023-11-10 10:00:00,1.0689,1.069,1.067,1.0673,0.0
2023-11-10 09:00:00,1.0682,1.0693,1.0677,1.0689,0.0
2023-11-10 08:00:00,1.0677,1.0688,1.067,1.0682,0.0
2023-11-10 07:00:00,1.0687,1.0689,1.0674,1.0677,0.0
2023-11-10 06:00:00,1.0677,1.0688,1.0669,1.0687,0.0
2023-11-10 05:00:00,1.0671,1.068,1.0664,1.0677,0.0
2023-11-10 04:00:00,1.0663,1.0678,1.0663,1.0671,0.0
2023-11-10 03:00:00,1.0665,1.067,1.0656,1.0663,0.0
2023-11-10 02:00:00,1.0669,1.067,1.0663,1.0665,0.0
2023-11-10 01:00:00,1.0671,1.0672,1.0665,1.0669,0.0
2023-11-10 00:00:00,1.067,1.0671,1.0667,1.0671,0.0
2023-11-09 23:00:00,1.0672,1.0674,1.0669,1.067,0.0
2023-11-09 22:00:00,1.0672,1.0674,1.067,1.0672,0.0
2023-11-09 21:00:00,1.0668,1.0675,1.0667,1.0672,0.0
2023-11-09 20:00:00,1.0667,1.0671,1.0663,1.0668,0.0
2023-11-09 19:00:00,1.0668,1.067,1.0664,1.0667,0.0
2023-11-09 18:00:00,1.0667,1.067,1.0665,1.0668,0.0
2023-11-09 17:00:00,1.0663,1.0669,1.0663,1.0667,0.0
2023-11-09 16:00:00,1.0667,1.0675,1.0662,1.0664,0.0
2023-11-09 15:00:00,1.0694,1.0696,1.066,1.0667,0.0
2023-11-09 14:00:00,1.0705,1.0706,1.0672,1.0694,0.0
2023-11-09 13:00:00,1.0709,1.0713,1.07,1.0704,0.0
2023-11-09 12:00:00,1.0715,1.0717,1.0705,1.071,0.0
2023-11-09 11:00:00,1.0724,1.0725,1.0707,1.0715,0.0
2023-11-09 10:00:00,1.0708,1.0725,1.07,1.0724,0.0
2023-11-09 09:00:00,1.069,1.0709,1.0686,1.0707,0.0
2023-11-09 08:00:00,1.0688,1.0693,1.0687,1.069,0.0
2023-11-09 07:00:00,1.0687,1.0692,1.068,1.0688,0.0
2023-11-09 06:00:00,1.0698,1.07,1.0685,1.0687,0.0
2023-11-09 05:00:00,1.0701,1.0705,1.0694,1.0697,0.0
2023-11-09 04:00:00,1.0705,1.071,1.0694,1.0701,0.0
2023-11-09 03:00:00,1.0708,1.0709,1.0702,1.0705,0.0
2023-11-09 02:00:00,1.0702,1.071,1.0701,1.0707,0.0
2023-11-09 01:00:00,1.0709,1.071,1.0702,1.0702,0.0
2023-11-09 00:00:00,1.0708,1.0712,1.0708,1.0709,0.0
2023-11-08 23:00:00,1.0709,1.0711,1.0706,1.0708,0.0
